Feature,Mean_Abs_SHAP
Faecalibacterium_CLR,0.41537485
Escherichia_Shigella_CLR,0.332061
Roseburia_CLR,0.2559377
Akkermansia_CLR,0.1736072
Eggerthella_CLR,0.15887323
Klebsiella_CLR,0.15759975
Streptococcus_CLR,0.1524643
Enterococcus_CLR,0.14321978
Bifidobacterium_CLR,0.13983159
Ruminococcus_CLR,0.09474425
Bacteroides_CLR,0.09245931
Eubacterium_CLR,0.08652637
Coprococcus_CLR,0.077514656
Subdoligranulum_CLR,0.07161159
Collinsella_CLR,0.045781527
Other_Taxa_CLR,0.04116112
Lactobacillus_CLR,0.039233956
Alistipes_CLR,0.03359768
Blautia_CLR,0.033515
Prevotella_CLR,0.019206624
Parabacteroides_CLR,0.0042341524
