Disease,Modality,Accuracy,Recall,Specificity,Precision,F1
Type2_Diabetes,Clinical,0.9973333333333333,0.9926806953339433,1.0,1.0,0.9963269054178145
Type2_Diabetes,Wearable,0.9426666666666667,0.958828911253431,0.9334032511798637,0.8919148936170213,0.9241622574955908
Type2_Diabetes,Gut,0.7456666666666667,0.7145471180237878,0.7635028841111694,0.6339285714285714,0.6718279569892474
Prediabetes,Clinical,0.9943333333333333,0.9958847736625515,0.9935897435897436,0.9867482161060143,0.9912954429083461
Prediabetes,Wearable,0.898,0.8981481481481481,0.8979289940828402,0.8083333333333333,0.8508771929824561
Prediabetes,Gut,0.5323333333333333,0.7181069958847737,0.4432938856015779,0.3820470717022441,0.49874955341193283
High_Adiposity_Risk,Clinical,0.892,0.9125395152792413,0.8824963432471965,0.7822944896115628,0.8424124513618677
High_Adiposity_Risk,Wearable,0.7113333333333334,0.7291886195995785,0.7030716723549488,0.5318985395849347,0.6151111111111112
High_Adiposity_Risk,Gut,0.707,0.7502634351949421,0.6869819600195027,0.5258493353028065,0.6183239253148067
Metabolic_Syndrome,Clinical,0.8103333333333333,0.8701298701298701,0.8053448898519321,0.2716216216216216,0.4140061791967044
Metabolic_Syndrome,Wearable,0.6566666666666666,0.6753246753246753,0.6551101480678946,0.1404140414041404,0.23248882265275708
Metabolic_Syndrome,Gut,0.7063333333333334,0.7662337662337663,0.701336222462983,0.17629482071713148,0.28663967611336033
NAFLD,Clinical,0.8143333333333334,0.8286384976525821,0.811965811965812,0.4217443249701314,0.5589865399841647
NAFLD,Wearable,0.5656666666666667,0.5727699530516432,0.5644910644910645,0.17875457875457876,0.27247347850362924
NAFLD,Gut,0.7026666666666667,0.7582159624413145,0.6934731934731935,0.2904676258992806,0.42002600780234073
