Disease,Modality,ROC_AUC,PR_AUC,Brier,Mean_Predicted_P,Prevalence,Calib_Slope,Calib_Intercept,Calibration_Class
Type2_Diabetes,Clinical,0.9996454531890264,0.9994231686409604,0.0075418420115114,0.3829889485636666,0.3643333333333333,2.661080600524949,1.0403501006389728,Substantially miscalibrated
Type2_Diabetes,Wearable,0.9908633430741752,0.9847679620248316,0.0399627135403083,0.3898717647128333,0.3643333333333333,1.1410470063767555,-0.7265178982075555,Mildly miscalibrated
Type2_Diabetes,Gut,0.8235791380626392,0.7276695165601744,0.1716869960664364,0.4527482338039999,0.3643333333333333,1.14906253798704,-0.5203276363439684,Mildly miscalibrated
Prediabetes,Clinical,0.9993039829222166,0.9984642556687726,0.0056870753425163,0.3290312850166,0.324,1.161666399352414,-0.8484035403186807,Substantially miscalibrated
Prediabetes,Wearable,0.9648409915503932,0.9294532311778656,0.0725765428679895,0.3609702352601666,0.324,1.0454747660421448,-0.5382882682056367,Mildly miscalibrated
Prediabetes,Gut,0.6169932671001047,0.4201870280804584,0.2376807049261059,0.4853420623466666,0.324,1.279872245414846,-0.6920910486248937,Mildly miscalibrated
High_Adiposity_Risk,Clinical,0.9664719309864008,0.932664750426593,0.0748699256365576,0.3695879913298266,0.3163333333333333,1.0678337661042048,-0.7841834543492371,Mildly miscalibrated
High_Adiposity_Risk,Wearable,0.7958912843666689,0.6177834730302797,0.1844188674712076,0.443003523658,0.3163333333333333,0.944353229905102,-0.7305899302502318,Mildly miscalibrated
High_Adiposity_Risk,Gut,0.8060890906746253,0.6737774280763669,0.1757897002578438,0.4350867413123334,0.3163333333333333,0.9936809795369748,-0.700259515848845,Mildly miscalibrated
Metabolic_Syndrome,Clinical,0.908872035632599,0.4664916183479762,0.1257073047360297,0.2993647565626666,0.077,1.4160401968239,-2.4365615226974446,Substantially miscalibrated
Metabolic_Syndrome,Wearable,0.7386830696689852,0.1658257337971228,0.2275942133756912,0.4769435317033333,0.077,3.65793975942202,-2.4197323297656594,Substantially miscalibrated
Metabolic_Syndrome,Gut,0.8358808640498783,0.3690396409021341,0.1567515338170291,0.3461063902736666,0.077,1.226084990211045,-2.3627945592813355,Substantially miscalibrated
NAFLD,Clinical,0.9108856714490516,0.6533518228633983,0.1225842670389824,0.2953924477865333,0.142,1.0005107025928477,-1.6662212793253726,Substantially miscalibrated
NAFLD,Wearable,0.5913741970079999,0.1912062553777217,0.2411477955263248,0.4887194629533333,0.142,1.2363949795463258,-1.7758813254479142,Substantially miscalibrated
NAFLD,Gut,0.8149506987535156,0.485919234441233,0.1698603820030345,0.3871619513613333,0.142,1.1506202579940308,-1.7250368363687345,Substantially miscalibrated
