Disease,Clinical_P_Band,N,Clinical_Acc_InBand,Wearable_Acc_InBand,Gut_Acc_InBand,Either_W_or_G_Correct_InBand,Both_W_and_G_Correct_InBand
Type2_Diabetes,<0.2,1903,0.9957961114030478,0.932212296374146,0.7640567524960589,0.976878612716763,0.7193904361534419
Type2_Diabetes,0.2-0.4,12,1.0,0.6666666666666666,0.6666666666666666,1.0,0.3333333333333333
Type2_Diabetes,0.4-0.6,2,1.0,0.0,0.5,0.5,0.0
Type2_Diabetes,0.6-0.8,7,1.0,0.7142857142857143,0.8571428571428571,0.8571428571428571,0.7142857142857143
Type2_Diabetes,>0.8,1076,1.0,0.9674721189591078,0.7137546468401487,0.9869888475836431,0.6942379182156134
Prediabetes,<0.2,2005,0.9980049875311721,0.9052369077306733,0.4433915211970075,0.9371571072319203,0.4114713216957606
Prediabetes,0.2-0.4,10,1.0,0.4,0.6,0.6,0.4
Prediabetes,0.4-0.6,7,0.7142857142857143,0.2857142857142857,0.0,0.2857142857142857,0.0
Prediabetes,0.6-0.8,8,0.75,0.375,0.125,0.5,0.0
Prediabetes,>0.8,970,0.9907216494845361,0.8969072164948454,0.722680412371134,0.9649484536082474,0.654639175257732
High_Adiposity_Risk,<0.2,1590,0.9886792452830189,0.7918238993710692,0.7125786163522012,0.9169811320754717,0.5874213836477987
High_Adiposity_Risk,0.2-0.4,215,0.8325581395348837,0.4790697674418605,0.6,0.7534883720930232,0.32558139534883723
High_Adiposity_Risk,0.4-0.6,182,0.510989010989011,0.42857142857142855,0.6428571428571429,0.7692307692307693,0.3021978021978022
High_Adiposity_Risk,0.6-0.8,217,0.543778801843318,0.4700460829493088,0.6774193548387096,0.7926267281105991,0.3548387096774194
High_Adiposity_Risk,>0.8,796,0.8969849246231156,0.7437185929648241,0.7474874371859297,0.9020100502512562,0.5891959798994975
Metabolic_Syndrome,<0.2,1619,0.9956763434218654,0.7745521927115503,0.7955528103767758,0.9159975293390982,0.654107473749228
Metabolic_Syndrome,0.2-0.4,458,0.9716157205240175,0.6026200873362445,0.6768558951965066,0.8275109170305677,0.4519650655021834
Metabolic_Syndrome,0.4-0.6,358,0.547486033519553,0.49162011173184356,0.5754189944134078,0.7150837988826816,0.35195530726256985
Metabolic_Syndrome,0.6-0.8,380,0.2131578947368421,0.4368421052631579,0.5131578947368421,0.6684210526315789,0.28157894736842104
Metabolic_Syndrome,>0.8,185,0.5243243243243243,0.5297297297297298,0.6486486486486487,0.7405405405405405,0.43783783783783786
NAFLD,<0.2,1668,0.9910071942446043,0.6127098321342925,0.7296163069544365,0.8357314148681055,0.5065947242206235
NAFLD,0.2-0.4,362,0.9088397790055248,0.4889502762430939,0.6795580110497238,0.7651933701657458,0.40331491712707185
NAFLD,0.4-0.6,252,0.503968253968254,0.47619047619047616,0.5912698412698413,0.6587301587301587,0.4087301587301587
NAFLD,0.6-0.8,330,0.2878787878787879,0.5121212121212121,0.6545454545454545,0.7636363636363637,0.403030303030303
NAFLD,>0.8,388,0.615979381443299,0.538659793814433,0.7216494845360825,0.7912371134020618,0.4690721649484536
