Disease,When_Wrong,Rescuer,N_Wrong_Cases,P_Rescuer_Correct_Given_Wrong,Rescuer_Unconditional_Accuracy,Delta_vs_Unconditional
Type2_Diabetes,Clinical,Wearable,8,0.25,0.9426666666666667,-0.6926666666666667
Type2_Diabetes,Clinical,Gut,8,0.75,0.7456666666666667,0.0043333333333333
Type2_Diabetes,Wearable,Clinical,172,0.9651162790697675,0.9973333333333333,-0.0322170542635658
Type2_Diabetes,Wearable,Gut,172,0.6511627906976745,0.7456666666666667,-0.09450387596899223
Type2_Diabetes,Gut,Clinical,763,0.9973787680209698,0.9973333333333333,4.543468763651415e-05
Type2_Diabetes,Gut,Wearable,763,0.9213630406290957,0.9426666666666667,-0.021303626037570966
Prediabetes,Clinical,Wearable,17,0.29411764705882354,0.898,-0.6038823529411765
Prediabetes,Clinical,Gut,17,0.5882352941176471,0.5323333333333333,0.05590196078431375
Prediabetes,Wearable,Clinical,306,0.9607843137254902,0.9943333333333333,-0.03354901960784307
Prediabetes,Wearable,Gut,306,0.434640522875817,0.5323333333333333,-0.09769281045751632
Prediabetes,Gut,Clinical,1403,0.9950106913756237,0.9943333333333333,0.0006773580422904102
Prediabetes,Gut,Wearable,1403,0.8766928011404134,0.898,-0.02130719885958665
High_Adiposity_Risk,Clinical,Wearable,324,0.3117283950617284,0.7113333333333334,-0.399604938271605
High_Adiposity_Risk,Clinical,Gut,324,0.5833333333333334,0.707,-0.12366666666666659
High_Adiposity_Risk,Wearable,Clinical,866,0.7424942263279446,0.892,-0.14950577367205542
High_Adiposity_Risk,Wearable,Gut,866,0.5958429561200924,0.707,-0.11115704387990755
High_Adiposity_Risk,Gut,Clinical,879,0.8464163822525598,0.892,-0.04558361774744024
High_Adiposity_Risk,Gut,Wearable,879,0.6018202502844141,0.7113333333333334,-0.10951308304891927
Metabolic_Syndrome,Clinical,Wearable,569,0.37258347978910367,0.6566666666666666,-0.28408318687756295
Metabolic_Syndrome,Clinical,Gut,569,0.48857644991212656,0.7063333333333334,-0.2177568834212068
Metabolic_Syndrome,Wearable,Clinical,1030,0.6533980582524271,0.8103333333333333,-0.1569352750809062
Metabolic_Syndrome,Wearable,Gut,1030,0.5233009708737864,0.7063333333333334,-0.18303236245954702
Metabolic_Syndrome,Gut,Clinical,881,0.6696935300794552,0.8103333333333333,-0.14063980325387815
Metabolic_Syndrome,Gut,Wearable,881,0.4426787741203178,0.6566666666666666,-0.2139878925463488
NAFLD,Clinical,Wearable,557,0.42190305206463197,0.5656666666666667,-0.14376361460203468
NAFLD,Clinical,Gut,557,0.5798922800718133,0.7026666666666667,-0.1227743865948534
NAFLD,Wearable,Clinical,1303,0.7528779739063699,0.8143333333333334,-0.06145535942696345
NAFLD,Wearable,Gut,1303,0.5364543361473523,0.7026666666666667,-0.1662123305193144
NAFLD,Gut,Clinical,892,0.7376681614349776,0.8143333333333334,-0.07666517189835576
NAFLD,Gut,Wearable,892,0.32286995515695066,0.5656666666666667,-0.242796711509716
